within_search_mean,within_search_n,between_groups_mean,between_groups_n,cohens_d,mann_whitney_u,p_value
0.21100198412698415,240,0.19480981767988345,480,0.06145256793507155,56414.5,0.6859761404202195
