within_search_mean,within_search_n,between_groups_mean,between_groups_n,cohens_d,mann_whitney_u,p_value
0.3629464285714286,120,0.17045304232804231,240,0.7032179885064956,18783.0,3.599098436976481e-07
