within_search_mean,within_search_n,between_groups_mean,between_groups_n,cohens_d,mann_whitney_u,p_value
0.32372023809523814,240,0.26937239265364266,480,0.20120517177883418,65564.5,0.0010482625249713553
