within_search_mean,within_search_n,between_groups_mean,between_groups_n,cohens_d,mann_whitney_u,p_value
0.3212083333333334,400,0.258237012987013,600,0.22844230124317572,135413.5,0.00022669050544494974
